url,label
https://www.naver.com,0
https://www.daum.net,0
ibe.gh7w.yachts,1
http://xnr.ae1t.yachts,1
http://gic.bn2y.yachts,1
http://gib.cv3p.yachts,1
http://wlie.s8vn.yachts,1
http://xnr.ae1t.yachts,1
http://gic.bn2y.yachts,1
http://gib.cv3p.yachts,1
http://wlie.s8vn.yachts,1
http://xgo.kr/5ni,1
http://xgo.kr/5nj,1
hin.aikuju.xyz/yXEL,1
vb.fg6e.yachts,1
vy.fg6e.yachts,1
http://nlz.o4gs.yachts,1
http://nln.o4gs.yachts,1
http://xlr.o4gs.yachts,1
http://nlm.o4gs.yachts,1
http://nle.o4gs.yachts,1
http://xla.o4gs.yachts,1
http://xlc.o4gs.yachts,1
http://xly.o4gs.yachts,1
http://xle.o4gs.yachts,1
http://xlo.o4gs.yachts,1
http://xlv.o4gs.yachts,1
http://nlw.o4gs.yachts,1
http://nlo.o4gs.yachts,1
http://xlb.o4gs.yachts,1
http://byz.o4gs.yachts,1
http://byn.o4gs.yachts,1
http://nlc.o4gs.yachts,1
http://bye.p5tw.yachts,1
http://yia.q6yd.yachts,1
http://hix.s8vn.yachts,1
http://yio.q6yd.yachts,1
http://hit.s8vn.yachts,1
http://hia.s8vn.yachts,1
http://yir.q6yd.yachts,1
http://wlib.r7pm.yachts,1
http://iov.r7pm.yachts,1
http://hib.s8vn.yachts,1
http://yip.q6yd.yachts,1
http://wlia.s8vn.yachts,1
http://bys.p5tw.yachts,1
http://yib.p5tw.yachts,1
http://wliy.s8vn.yachts,1
http://byr.p5tw.yachts,1
http://yiz.p5tw.yachts,1
http://ynz.q6yd.yachts,1
http://wli.s8vn.yachts,1
http://yin.q6yd.yachts,1
http://ioz.q6yd.yachts,1
http://iow.r7pm.yachts,1
http://yic.p5tw.yachts,1
http://hiv.s8vn.yachts,1
http://yne.q6yd.yachts,1
http://yno.q6yd.yachts,1
http://ior.r7pm.yachts,1
http://iox.r7pm.yachts,1
http://hir.s8vn.yachts,1
http://ynx.q6yd.yachts,1
http://byd.p5tw.yachts,1
http://wlic.r7pm.yachts,1
http://iob.r7pm.yachts,1
http://byt.p5tw.yachts,1
http://wlir.s8vn.yachts,1
http://wlix.r7pm.yachts,1
http://byo.p5tw.yachts,1
http://byi.p5tw.yachts,1
http://hic.s8vn.yachts,1
http://yix.p5tw.yachts,1
http://ioc.r7pm.yachts,1
http://ziy.u0tk.yachts,1
http://ioa.r7pm.yachts,1
http://zio.u0tk.yachts,1
http://ziv.t9zd.yachts,1
http://hiy.t9zd.yachts,1
http://zis.t9zd.yachts,1
http://zic.t9zd.yachts,1
http://zix.t9zd.yachts,1
http://zir.u0tk.yachts,1
http://vb.fg6e.yachts,1
http://nlx.o4gs.yachts,1
http://xls.o4gs.yachts,1
http://byx.o4gs.yachts,1
http://nly.o4gs.yachts,1
http://ion.r7pm.yachts,1
http://ynr.q6yd.yachts,1
http://yie.q6yd.yachts,1
http://ynv.q6yd.yachts,1
http://yiu.q6yd.yachts,1
http://yna.q6yd.yachts,1
http://zib.t9zd.yachts,1
http://ziu.u0tk.yachts,1
http://nlz.o4gs.yachts,1
http://xlv.o4gs.yachts,1
http://nlw.o4gs.yachts,1
http://byz.o4gs.yachts,1
http://byn.o4gs.yachts,1
http://hit.s8vn.yachts,1
http://hia.s8vn.yachts,1
http://wlib.r7pm.yachts,1
http://yip.q6yd.yachts,1
http://wlia.s8vn.yachts,1
http://yib.p5tw.yachts,1
http://wliy.s8vn.yachts,1
http://byr.p5tw.yachts,1
http://yiz.p5tw.yachts,1
http://ioz.q6yd.yachts,1
http://iow.r7pm.yachts,1
http://yic.p5tw.yachts,1
http://hiv.s8vn.yachts,1
http://yne.q6yd.yachts,1
http://yno.q6yd.yachts,1
http://ior.r7pm.yachts,1
http://iob.r7pm.yachts,1
http://wlix.r7pm.yachts,1
http://byi.p5tw.yachts,1
http://hic.s8vn.yachts,1
http://yix.p5tw.yachts,1
http://ioa.r7pm.yachts,1
http://ziv.t9zd.yachts,1
http://hiy.t9zd.yachts,1
http://zis.t9zd.yachts,1
http://zic.t9zd.yachts,1
http://zix.t9zd.yachts,1
http://yiop.e5kz.yachts,1
http://toe.j0zu.yachts,1
http://toa.j0zu.yachts,1
http://oib.c3vs.yachts,1
http://lys.j0zu.yachts,1
http://lio.i9fg.yachts,1
http://bip.h8dc.yachts,1
http://pic.m2ae.yachts,1
http://vios.f6mk.yachts,1
http://xlia.m2ae.yachts,1
http://pib.m2ae.yachts,1
http://xlir.n3dh.yachts,1
http://poc.m2ae.yachts,1
http://toy.j0zu.yachts,1
http://tie.k1st.yachts,1
http://pid.m2ae.yachts,1
http://oe.b2nd.yachts,1
http://aid.g7uy.yachts,1
http://nioe.d4pt.yachts,1
http://tia.k1st.yachts,1
http://yiod.e5kz.yachts,1
http://tir.k1st.yachts,1
http://ym.a1sp.yachts,1
http://nioc.d4pt.yachts,1
http://bla.h8dc.yachts,1
http://lie.i9fg.yachts,1
http://nios.d4pt.yachts,1
http://ut.b2nd.yachts,1
http://liy.i9fg.yachts,1
http://piy.m2ae.yachts,1
http://yx.a1sp.yachts,1
http://yios.d4pt.yachts,1
http://pod.m2ae.yachts,1
http://cle.g7uy.yachts,1
http://toc.j0zu.yachts,1
http://lyo.j0zu.yachts,1
http://bio.h8dc.yachts,1
http://pin.m2ae.yachts,1
http://clx.g7uy.yachts,1
http://om.b2nd.yachts,1
http://oiz.c3vs.yachts,1
http://pia.m2ae.yachts,1
http://vioa.f6mk.yachts,1
http://pot.m2ae.yachts,1
http://tox.j0zu.yachts,1
http://ioz.b2nd.yachts,1
http://lyr.j0zu.yachts,1
http://lym.j0zu.yachts,1
http://pos.m2ae.yachts,1
http://poz.m2ae.yachts,1
http://aix.f6mk.yachts,1
http://pix.m2ae.yachts,1
http://yioa.d4pt.yachts,1
http://lix.i9fg.yachts,1
http://yo.a1sp.yachts,1
http://tob.j0zu.yachts,1
http://lia.i9fg.yachts,1
http://viod.f6mk.yachts,1
http://oir.c3vs.yachts,1
http://blz.h8dc.yachts,1
http://tod.j0zu.yachts,1
http://vioc.f6mk.yachts,1
http://cla.g7uy.yachts,1
http://air.g7uy.yachts,1
http://tiz.k1st.yachts,1
http://bir.h8dc.yachts,1
http://pob.m2ae.yachts,1
http://viob.f6mk.yachts,1
http://toz.j0zu.yachts,1
http://liv.i9fg.yachts,1
http://yiox.d4pt.yachts,1
http://bie.h8dc.yachts,1
http://pio.m2ae.yachts,1
http://uz.a1sp.yachts,1
http://aie.g7uy.yachts,1
http://xlis.n3dh.yachts,1
http://clc.g7uy.yachts,1
http://nlr.o4gs.yachts,1
http://clz.g7uy.yachts,1
http://pir.m2ae.yachts,1
http://ox.b2nd.yachts,1
http://blp.h8dc.yachts,1
http://pom.m2ae.yachts,1
http://tix.k1st.yachts,1
http://tim.k1st.yachts,1
http://blx.h8dc.yachts,1
http://yp.a1sp.yachts,1
http://tio.k1st.yachts,1
http://aio.g7uy.yachts,1
http://yz.a1sp.yachts,1
http://aiy.g7uy.yachts,1
http://pis.m2ae.yachts,1
http://vioe.f6mk.yachts,1
http://yu.a1sp.yachts,1
http://aic.f6mk.yachts,1
http://oz.b2nd.yachts,1
http://olc.h8dc.yachts,1
http://poy.m2ae.yachts,1
http://oi.b2nd.yachts,1
http://oiv.c3vs.yachts,1
http://tic.k1st.yachts,1
http://ion.b2nd.yachts,1
http://pox.m2ae.yachts,1
http://tin.k1st.yachts,1
http://nior.d4pt.yachts,1
http://cly.g7uy.yachts,1
http://lyz.i9fg.yachts,1
http://biu.h8dc.yachts,1
http://bia.h8dc.yachts,1
http://xlid.n3dh.yachts,1
http://xlix.m2ae.yachts,1
http://biy.h8dc.yachts,1
http://ue.b2nd.yachts,1
http://nioa.d4pt.yachts,1
http://oia.c3vs.yachts,1
http://biw.h8dc.yachts,1
http://bis.h8dc.yachts,1
http://ioc.b2nd.yachts,1
http://xlie.n3dh.yachts,1
http://oie.c3vs.yachts,1
http://viox.f6mk.yachts,1
http://oiw.c3vs.yachts,1
http://pon.m2ae.yachts,1
http://niox.d4pt.yachts,1
http://vioi.f6mk.yachts,1
http://uc.b2nd.yachts,1
http://ur.b2nd.yachts,1
http://liz.i9fg.yachts,1
http://ain.f6mk.yachts,1
http://nlr.o4gs.yachts,1
oim.f6gh.yachts,1
me2.kr/iUAUs,1
kfg.fclac.life/wrE0,1
zhon.sendg.xyz/1PPg,1
http://lyz.i9fg.yachts,1
http://cly.g7uy.yachts,1
http://biu.h8dc.yachts,1
http://ain.f6mk.yachts,1
http://oie.c3vs.yachts,1
http://yem.gh7k.yachts,1
http://nly.o4gs.yachts,1
http://ioc.b2nd.yachts,1
http://yna.q6yd.yachts,1
http://pon.m2ae.yachts,1
http://xnz.ae1t.yachts,1
http://nioy.d4pt.yachts,1
http://yc.a1sp.yachts,1
http://gin.cv3p.yachts,1
http://iyz.gh7w.yachts,1
http://ion.r7pm.yachts,1
http://wliy.s8vn.yachts,1
https://xgo.kr/5ni,1
https://xgo.kr/5nj,1
http://air.g7uy.yachts,1
http://toe.j0zu.yachts,1
http://lie.i9fg.yachts,1
http://pic.m2ae.yachts,1
http://blp.h8dc.yachts,1
http://oib.c3vs.yachts,1
http://yiox.d4pt.yachts,1
http://ym.a1sp.yachts,1
http://vios.f6mk.yachts,1
http://ut.b2nd.yachts,1
http://yip.q6yd.yachts,1
http://nlx.o4gs.yachts,1
http://iow.r7pm.yachts,1
http://hic.s8vn.yachts,1
http://zib.t9zd.yachts,1
http://xlir.n3dh.yachts,1
http://bys.p5tw.yachts,1
http://tix.k1st.yachts,1
http://xno.ae1t.yachts,1
http://ibc.gh7w.yachts,1
http://nly.o4gs.yachts,1
http://yie.q6yd.yachts,1
http://ion.r7pm.yachts,1
http://zib.t9zd.yachts,1
http://ziu.u0tk.yachts,1
http://xny.ae1t.yachts,1
http://gin.cv3p.yachts,1
http://iyz.gh7w.yachts,1
https://xgo.kr/5ni,1
https://xgo.kr/5nj,1
https://han.gl/gaVcJV,1
swyg.link/uzXRZ,1
xgo.kr/5nB,1
wlz.d4pu.yachts,1
tin.k1st.yachts,1
pa.og4s.yachts,1
bit.ly/41LZ9ro,1
vo.la/IzPBI,1
xgo.kr/5ni,1
http://wlz.d4pu.yachts,1
http://yu.a1sp.yachts,1
http://bis.h8dc.yachts,1
http://oie.c3vs.yachts,1
http://wliy.s8vn.yachts,1
http://byr.p5tw.yachts,1
http://xlc.o4gs.yachts,1
http://ziv.t9zd.yachts,1
http://pis.m2ae.yachts,1
http://ioz.q6yd.yachts,1
http://vioc.f6mk.yachts,1
http://clc.g7uy.yachts,1
http://tie.k1st.yachts,1
http://zio.u0tk.yachts,1
http://nioa.d4pt.yachts,1
http://pa.og4s.yachts,1
https://xgo.kr/5ni,1
https://vo.la/IzPBI,1
https://xgo.kr/5nB,1
https://vo.la/XMcMg,1
https://bit.ly/41LZ9ro,1
https://bit.ly/3Oak7dZ,1
https://swyg.link/uzXRZ,1
http://xgo.kr/5nj,1
http://hin.aikuju.xyz/yXEL,1
http://zhon.sendg.xyz/1PPg,1
http://xgo.kr/5ni,1
https://swyg.link/uzXRZ,1
http://hin.aikuju.xyz/yXEL,1
http://zhon.sendg.xyz/1PPg,1
https://swyg.link/uzXRZ,1
http://xgo.kr/5nj,1
https://bit.ly/41LZ9ro,1
http://kfg.fclac.life/lBed,1
https://buly.kr/GZuZ9hl,1
https://buly.kr/GZuZ9hl,1
swyg.link/JYfM1,1
http://buly.kr/15LsmNb,1
http://buly.kr/15LsmNb,1
http://buly.kr/CWr8Cum,1
https://buly.kr/BeHKqwk,1
https://buly.kr/BeHKqwk,1
https://buly.kr/BeHKqwk,1
https://buly.kr/BeHKqwk,1
http://go9.co/T6a,1
http://xgo.kr/5oJ,1
go9.co/T6j,1
http://go9.co/T6k,1
http://go9.co/T6k,1
http://go9.co/T6k,1
https://xgo.kr/5oI,1
http://xgo.kr/5oc,1
http://t.ly/7u3e_,1
http://bz.pf5m.yachts,1
http://by.rt7k.yachts,1
http://in.nh3g.yachts,1
http://yt.mk2h.yachts,1
http://io.og4s.yachts,1
http://on.sd8h.yachts,1
https://buly.kr/C06rY88,1
https://buly.kr/C06rY88,1
https://buly.kr/C06rY88,1
http://gg.gg/186rn0,1
https://xgo.kr/5nA,1
xnb.ae1t.yachts,1
ky.f6uy.yachts,1
cia.j0pm.yachts,1
go9.co/T6p,1
t.ly/c_SpL,1
xgo.kr/5pf,1
xgo.kr/5oP,1
bit.ly/48tJNtE,1
buly.kr/GE539BQ,1
lrl.kr/slGD,1
go9.co/T7p,1
lrl.kr/slnu,1
buly.kr/DPQvSup,1
buly.kr/HSUM1oj,1
lrl.kr/slLk,1
oalw.ndgob.fyi/cOoy,1
http://pis.js0z.yachts,1
http://xlc.o4gs.yachts,1
http://cov.p5me.yachts,1
http://mid.m2rt.yachts,1
http://bly.gh7k.yachts,1
http://voe.1ku.yachts,1
http://ylz.r7fh.yachts,1
http://yiod.e5kz.yachts,1
http://blx.h8dc.yachts,1
http://weli.aw1f.golf,1
http://wliy.s8vn.yachts,1
http://tuz.p5nz.yachts,1
http://iot.c3vm.yachts,1
http://lon.n3dp.yachts,1
http://yr.m2ds.yachts,1
http://iov.r7pm.yachts,1
http://yolr.h8te.hair,1
http://ynx.q6yd.yachts,1
http://yio.i9tu.yachts,1
http://tuic.de4y.yachts,1
http://pc.og4s.yachts,1
http://pos.m2ae.yachts,1
http://ionz.rp7y.golf,1
http://viob.f6mk.yachts,1
http://xna.ae1t.yachts,1
https://i09.h2pt.autos,1
http://ud.rt7k.yachts,1
http://uizn.pu5s.golf,1
http://tia.k1st.yachts,1
http://aio.g7uy.yachts,1
http://sn02.m2pu.pw,1
http://woly.a1hn.golf,1
http://yv.mk2h.yachts,1
http://knx.cf3p.yachts,1
http://liy.i9fg.yachts,1
http://wollx.a1cg.golf,1
http://wiz.ie9s.golf,1
http://yo.b2gy.yachts,1
http://yias.i9ze.hair,1
http://lys.j0zu.yachts,1
http://sio.k1bu.yachts,1
http://well1.m2kd.golf,1
http://ib.nh3g.yachts,1
http://vioz.us0z.hair,1
http://oz.b2nd.yachts,1
http://yz.a1sp.yachts,1
http://niov.d4pt.yachts,1
http://yz.t9zu.yachts,1
http://tol.n3yu.yachts,1
http://nic.d4pn.yachts,1
http://pizt.gu7d.golf,1
http://voa.jh0c.yachts,1
http://ros.r7az.yachts,1
http://zix.t9zd.yachts,1
http://pioz.as1d.golf,1
http://lor.i9kd.yachts,1
http://ylz.q6ye.yachts,1
http://weiz.cv3d.golf,1
http://ionx.uk0v.golf,1
http://sic.j0gc.yachts,1
http://uinz.nv3h.golf,1
http://byt.p5tw.yachts,1
http://uizx.qe6z.golf,1
http://oia.c3vs.yachts,1
http://nia.e5sz.yachts,1
http://yioz.g7vd.yachts,1
http://oie.g7ut.yachts,1
http://we4.r7nv.golf,1
http://lzv.bn2g.yachts,1
http://wolz.p5ue.golf,1
http://lon.h8za.yachts,1
http://kot.bv2g.yachts,1
http://cop.q6vh.yachts,1
http://yoiz.a1wk.hair,1
http://uinz.oh4d.golf,1
http://welc.u0bg.golf,1
http://oib.f6gh.yachts,1
http://well3.m2kd.gol,1
http://ob.sd8h.yachts,1
http://soc.ih9v.yachts,1
http://ionx.se8k.golf,1
http://wily.s8mt.golf,1
http://goe.hy8d.yachts,1
http://wole.qe6g.hair,1
http://weil.bn2m.golf,1
http://wey.gh7k.golf,1
http://sioc.mk2u.hair,1
http://yoiz.et5a.wtf,1
http://wolc.u0ew.golf,1
http://y01.o4ys.pw,1
http://vo.la/gS3lQ,1
http://dian.dsal.life/GtWx,1
https://naver.me/FIoiNgLo,1
https://naver.me/FYICedND,1
https://naver.me/x3q0CfQP,1
https://naver.me/FiOSxub6,1
https://swyg.link/FcokX,1
http://han.gl/gxFerS,1
https://swyg.link/WG0Xj,1
http://yv.jg0e.top,1
http://han.gl/QbvTTj,1
http://t2m.kr/NibUx,1
https://shorturl.asia/FNXEh,1
https://naver.me/xVATuWPe,1
http://baas.kr/WX0b1,1
http://rkkyj.dvcho.com,1
https://naver.me/xlCVpJSa,1
http://s8u.cn/TDpk8,1
https://naver.me/GG8aPyjE,1
https://naver.me/F40YRvkZ,1
https://naver.me/FOMFVkhZ,1
http://t2m.kr/foiqd,1
http://buly.kr/3u009S9,1
https://xgo.kr/5od,1
http://buly.kr/DaLg672,1
http://buly.kr/7FOOmbB,1
http://buly.kr/8eiSeHv,1
https://xgo.kr/5nh,1
https://t.ly/-t1Vc,1
http://buly.kr/1GGdQoW,1
http://buly.kr/uR7Rtq,1
http://xgo.kr/5oc,1
http://t.ly/my7od,1
https://vo.la/nhyme,1
https://xgo.kr/5oe,1
http://go9.co/T6j,1
http://s8u.cn/gj53e,1
https://xgo.kr/5oG,1
https://t.ly/rACKH,1
http://t.ly/zvpeZ,1
http://s8u.cn/44YEK,1
http://xgo.kr/5oJ,1
http://t.ly/DRcv7,1
https://swyg.link/JYfM1,1
http://xgo.kr/5oP,1
http://buly.kr/FLVAiP0,1
http://xgo.kr/5oQ,1
https://t.ly/f6yqK,1
http://go9.co/T6l,1
http://buly.kr/5q4Fpv0,1
http://buly.kr/DEWA6kp,1
http://buly.kr/AlhYOap,1
http://xgo.kr/5oR,1
http://t.ly/Gghjn,1
http://xgo.kr/5lK,1
http://buly.kr/A42Uhpy,1
http://ym.mk2h.yachts,1
http://xgo.kr/5oU,1
http://buly.kr/1xvfNBz,1
https://swyg.link/XpPXT,1
http://s8u.cn/ml63P,1
http://gg.gg/188ma1,1
https://t.ly/efj-i,1
https://seoulmc.co.kr/cs,1
http://s8u.cn/PiNju,1
https://xgo.kr/5ml,1
http://buly.kr/7m8fjDG,1
https://xgo.kr/5pe,1
http://ium.smsqalig.xyz,1
http://xgo.kr/5nJ,1
http://t.ly/MEP9H,1
https://han.gl/olPZhT,1
https://xgo.kr/5pf,1
https://c05.hy3w.icu,1
https://xgo.kr/5pg,1
http://go9.co/T6R,1
https://buly.kr/C06rY88,1
http://xgo.kr/5lS,1
http://buly.kr/AamdLBV,1
https://xgo.kr/5mu,1
http://buly.kr/3u00UB4,1
http://t.ly/0Jq1x,1
http://buly.kr/CB1ZHEm,1
http://buly.kr/CLwNYs5,1
http://s8u.cn/E05ij,1
http://buly.kr/GE539BQ,1
http://buly.kr/CsgeVLT,1
http://buly.kr/BIRpgHW,1
http://buly.kr/6MobtGg,1
http://buly.kr/BIRpfs8,1
http://swyg.link/m7fYz,1
http://buly.kr/4FpWRch,1
http://go9.co/T7V,1
http://buly.kr/28qQgPe,1
https://t.ly/sde5X,1
http://buly.kr/6ie8BeH,1
http://buly.kr/7FOP8Ze,1
https://zrr.kr/kqkT,1
http://xgo.kr/5ni,1
http://buly.kr/FWQ1EeK,1
http://buly.kr/4bf2Q1d,1
http://buly.kr/87yC22C,1
http://buly.kr/HHZb1uc,1
http://buly.kr/EdqEK1e,1
http://buly.kr/BeHLe81,1
http://buly.kr/ChltXhu,1
http://buly.kr/GE539UH,1
https://t.ly/R18m0,1
http://buly.kr/DPQvSup,1
http://buly.kr/Ybbqp7,1
http://buly.kr/7QJA6Qf,1
http://buly.kr/E75xNk1,1
http://buly.kr/EzfkI1c,1
http://buly.kr/YbbrDO,1
http://buly.kr/HSUM1oj,1
https://zxcv.be/xxt75zm,1
http://buly.kr/87yBgNe,1
http://buly.kr/DEWAUE7,1
http://t.ly/1fM2a,1
http://buly.kr/6tYr1g3,1
http://xgo.kr/5lY,1
https://buly.kr/15LmEFw,1
http://t.ly/mAdmz,1
https://swyg.link/LYcsB,1
http://xgo.kr/5nx,1
https://cu.cssm.kr/cs1,1
https://buly.kr/74TeC43,1
https://xgo.kr/5mD,1
https://lrl.kr/jXsD,1
https://lrl.kr/jXpI,1
https://buly.kr/31QDb8j,1
http://buly.kr/58PJRRA,1
http://swyg.link/ibZGN,1
http://xgo.kr/5lZ,1
https://lrl.kr/slLk,1
https://bit.ly/48jno2u,1
http://buly.kr/4QkHWC1,1
http://swyg.link/waJCB,1
http://swyg.link/6jgE3,1
http://t.ly/TxEOB,1
http://s8u.cn/kI3OU,1
https://xgo.kr/5jP,1
http://buly.kr/4mZnNrR,1
https://t.ly/Ko-8X,1
http://han.gl/NnmAZU,1
http://han.gl/uyxfEZ,1
http://buly.kr/60z2fYF,1
http://buly.kr/DaLReY0,1
https://lrl.kr/wxUz,1
https://t.ly/Dfs-e,1
http://xgo.kr/5mv,1
http://buly.kr/E75o01C,1
http://buly.kr/DwB5GLY,1
https://swyg.link/jfkci,1
http://kfg.fclac.life/lBed,1
http://kfg.fclac.life/rMA0,1
http://me2.kr/TKjyb,1
http://kfg.fclac.life/DmaI,1
http://dian.dsal.life/gLEE,1
http://dian.dsal.life/uCti,1
http://dian.dsal.life/l5er,1
http://xgo.kr/5nD,1
xgo.kr/5nm,1
xgo.kr/5nQ,1
xgo.kr/5nt,1
http://xgo.kr/5nx,1
http://xgo.kr/5ny,1
http://xgo.kr/5oH,1
http://t.ly/HxN2v,1
http://t.ly/NILg7,1
http://xgo.kr/5lQ,1
http://xgo.kr/5lZ,1
https://xgo.kr/5pe,1
https://xgo.kr/5pg,1
http://go9.co/T7V,1
https://buly.kr/31QDb8j,1
https://cu.cssm.kr/cs1,1
http://buly.kr/58PJRRA,1
http://buly.kr/1xvfml5,1
http://buly.kr/D3bPbHb,1
http://buly.kr/CWr8f6D,1
http://buly.kr/NgqyoT,1
http://yx.mk2h.yachts,1
http://ux.rt7k.yachts,1
http://ix.nh3g.yachts,1
http://bn.pf5m.yachts,1
http://buly.kr/3u009S9,1
http://buly.kr/DaLg672,1
http://buly.kr/8eiSeHv,1
http://buly.kr/uR7Rtq,1
https://swyg.link/JYfM1,1
http://buly.kr/DEWA6kp,1
http://buly.kr/AlhYOap,1
http://xgo.kr/5oP,1
http://t.ly/ATu1n,1
http://go9.co/T6R,1
http://go9.co/T6a,1
http://go9.co/T6k,1
http://buly.kr/15LsmNb,1
http://buly.kr/3u00UB4,1
https://swyg.link/49lT5,1
https://buly.kr/BeHKqwk,1
http://go9.co/T6j,1
http://go9.co/T7V,1
http://xgo.kr/5oJ,1
http://go9.co/T6l,1
https://xgo.kr/5oI,1
https://lrl.kr/I8mB,1
http://dian.dsal.life/gLEE,1
https://xgo.kr/5oG,1
http://go9.co/T6l,1
http://xgo.kr/5oP,1
https://xgo.kr/5pe,1
https://xgo.kr/5pf,1
https://xgo.kr/5pg,1
https://buly.kr/C06rY88,1
https://buly.kr/31QDb8j,1
https://swyg.link/LYcsB,1
https://cu.cssm.kr/cs1,1
http://buly.kr/58PJRRA,1
http://buly.kr/4QkHWC1,1
http://swyg.link/waJCB,1
http://swyg.link/6jgE3,1
http://buly.kr/NgqxQ1,1
http://ws.directsddmn.top/mmkb62,1
http://pr.a1ed.yachts,1
http://iv.nh3g.yachts,1
https://xgo.kr/5q2,1
http://han.gl/lCHsfX,1
https://bit.ly/3tMklAH,1
http://buly.kr/DEWAYyg,1
http://buly.kr/3j5Fd4N,1
http://buly.kr/CWr8f6D,1
http://buly.kr/58PJRRA,1
http://buly.kr/2fahk3a,1
http://buly.kr/4QkHWC1,1
http://buly.kr/4QkHWC1,1
http://buly.kr/CWr8f6D,1
http://buly.kr/58PJRRA,1
http://buly.kr/2fahk3a,1
http://buly.kr/4QkHWC1,1
https://lrl.kr/slLk,1
https://gtb.fclac.life/nTnY,1
https://buly.kr/31QDb8j,1
https://buly.kr/31QDb8j,1
buly.kr/Chltuas,1
http://lie.bn2p.yachts,1
https://bit.ly/48tJNtE,1
https://lrl.kr/fLg8,1
http://go9.co/T7c,1
http://go9.co/T7c,1
https://swyg.link/LYcsB,1
http://go9.co/T6k,1
http://buly.kr/BeHLe81,1
https://han.gl/fDpmNV,1
http://swyg.link/btRvJ,1
http://xgo.kr/5q3,1
https://swyg.link/0tYvC,1
https://naver.me/Gnv6YSyY,1
xgo.kr/5q1,1
https://buly.kr/BeHKqwk,1
lie.i9fg.yachts,1
yia.q6yd.yachts,1
ku.e5nz.yachts,1
xgo.kr/5oR,1
t.ly/NWERo,1
buly.kr/FAaSK2O,1
xgo.kr/5ru,1
http://tiz.k1st.yachts,1
http://lav.cv3h.yachts,1
http://yolu.i9fd.hair,1
http://yioz.g7vd.yachts,1
http://voc.jh0c.yachts,1
http://ix.nh3g.yachts,1
http://yib.p5tw.yachts,1
http://weli.aw1f.golf,1
http://wolc.u0ew.golf,1
http://on.b2nd.yachts,1
http://wlix.r7pm.yachts,1
http://cly.g7uy.yachts,1
http://wolr.rv7m.hair,1
http://wiv.jz0c.golf,1
http://sioz.kp1y.hair,1
http://ionx.se8k.golf,1
http://ylz.r7fh.yachts,1
http://biu.h8dc.yachts,1
http://wollx.a1cg.golf,1
http://tuib.de4y.yachts,1
http://nioy.d4pt.yachts,1
http://ys.a1sp.yachts,1
http://pib.m2ae.yachts,1
http://won.e5pu.golf,1
http://lz.as1e.yachts,1
http://pw.og4s.yachts,1
http://byn.o4gs.yachts,1
http://wilo.t9nh.golf,1
http://by.rt7k.yachts,1
http://weiy.fg6p.golf,1
http://yno.q6yd.yachts,1
http://ym.mk2h.yachts,1
http://kom.as1k.yachts,1
http://vios.f6mk.yachts,1
http://yem.gh7k.yachts,1
http://yiop.e5kz.yachts,1
http://wollz.q6hz.golf,1
http://yoia.u0ns.hair,1
http://weiz.cv3d.golf,1
http://oie.g7ut.yachts,1
http://wlia.s8vn.yachts,1
http://xnr.ae1t.yachts,1
http://wioz.aw1f.hair,1
http://pr.a1ed.yachts,1
http://toa.j0zu.yachts,1
http://lia.i9fg.yachts,1
http://wolx.p5ue.golf,1
http://inc.c3vm.yachts,1
http://www.in9d.hair,1
http://nid.e5sz.yachts,1
http://wilz.m2yd.golf,1
http://yz.t9zu.yachts,1
http://yio.i9tu.yachts,1
http://ionz.rp7y.golf,1
http://uiz.j0ma.yachts,1
http://woz.kf1d.golf,1
http://woc.mk2g.golf,1
http://kid.t9ch.yachts,1
http://bior.dn6t.cash,1
http://viay.p5yt.hair,1
http://wolz.op4y.hair,1
http://wzo.f6yn.yachts,1
http://knc.cf3p.yachts,1
http://iy03.g7mz.golf,1
http://we1.q6yb.golf,1
http://poc.js0z.yachts,1
http://lou.i9kd.yachts,1
http://oia.c3vs.yachts,1
http://on.sd8h.yachts,1
http://bn.pf5m.yachts,1
http://gor.hy8d.yachts,1
https://naver.me/FIoiNgLo,1
https://naver.me/xVATuWPe,1
https://solt.pw/N2IxMDE,1
https://abit.ly/bwv13x,1
https://naver.me/52T4YjCb,1
https://naver.me/xFotA7me,1
http://vo.la/yRwnk,1
https://buly.kr/BeHKqwk,1
https://xgo.kr/5q2,1
https://xgo.kr/5q1,1
https://swyg.link/LYcsB,1
http://swyg.link/btRvJ,1
http://xgo.kr/5oQ,1
https://xgo.kr/5nA,1
http://xgo.kr/5nJ,1
https://buly.kr/GZuZ9hl,1
https://xgo.kr/5q0,1
http://buly.kr/ChltXhu,1
http://buly.kr/2JlBmMe,1
http://swyg.link/waJCB,1
http://buly.kr/2qVSiUd,1
http://buly.kr/AlhYOap,1
http://buly.kr/Ybbqp7,1
https://cu.cssm.kr/cs1,1
http://buly.kr/CsgeVLT,1
http://swyg.link/6jgE3,1
https://lrl.kr/I8mB,1
https://buly.kr/74TeC43,1
https://lrl.kr/AJ3F,1
https://t.ly/FVWRT,1
https://xgo.kr/5q4,1
https://lrl.kr/jXsD,1
http://buly.kr/GE539BQ,1
https://xgo.kr/5q7,1
https://xgo.kr/5qh,1
http://xgo.kr/5qd,1
http://xgo.kr/5nQ,1
https://xgo.kr/5q8,1
http://buly.kr/3u009S9,1
https://xgo.kr/5pg,1
https://xgo.kr/5qg,1
https://xgo.kr/5qc,1
https://lrl.kr/fLoI,1
https://lrl.kr/slnu,1
http://han.gl/QbvTTj,1
https://xgo.kr/5qb,1
http://buly.kr/CWr8Cum,1
https://lrl.kr/jXpI,1
http://go9.co/T6a,1
http://go9.co/T71,1
https://lrl.kr/fLfY,1
http://buly.kr/3u00UB4,1
https://lrl.kr/Nkz3,1
http://han.gl/lCHsfX,1
http://buly.kr/87yBgNe,1
https://xgo.kr/5pe,1
https://xgo.kr/5oe,1
https://xgo.kr/5mm,1
https://xgo.kr/5q6,1
http://buly.kr/1GGdQoW,1
http://buly.kr/DEWAUE7,1
https://xgo.kr/5mz,1
https://xgo.kr/5jY,1
https://lrl.kr/EWlG,1
https://xgo.kr/5oc,1
https://lrl.kr/wx4i,1
https://xgo.kr/5nh,1
http://go9.co/T6s,1
http://xgo.kr/5lJ,1
https://xgo.kr/5ni,1
http://buly.kr/YbbrDO,1
http://han.gl/cIpjzv,1
https://xgo.kr/5m3,1
http://buly.kr/7QJA6Qf,1
http://sw.munj.live/vWnx,1
https://xgo.kr/5ml,1
https://xgo.kr/5n4,1
http://buly.kr/EzfkI1c,1
http://xgo.kr/5ru,1
http://xgo.kr/5rt,1
http://xgo.kr/5rx,1
https://bit.ly/41LZ9ro,1
http://xgo.kr/5rw,1
http://buly.kr/NgrK7m,1
https://bit.ly/3vnvOqW,1
http://me2.kr/GSSUv,1
http://kfg.fclac.life/rMA0,1
http://me2.kr/TKjyb,1
http://kkn.googlesgi.com/C8m1gM,1
https://xgo.kr/5q2,1
https://xgo.kr/5q1,1
https://xgo.kr/5q3,1
https://cu.cssm.kr/cs1,1
http://welx.t9hf.golf,1
http://tia.k1st.yachts,1
http://bix.g7uy.yachts,1
http://go9.co/T6k,1
https://buly.kr/BeHKqwk,1
https://swyg.link/LYcsB,1
http://swyg.link/btRvJ,1
https://buly.kr/GZuZ9hl,1
http://buly.kr/ChltXhu,1
http://buly.kr/2JlBmMe,1
http://swyg.link/6jgE3,1
https://cu.cssm.kr/cs1,1
https://lrl.kr/I8mB,1
https://lrl.kr/AJ3F,1
http://go9.co/T76,1
http://go9.co/T6l,1
http://xgo.kr/5oU,1
http://go9.co/T6R,1
https://lrl.kr/Nks1,1
http://go9.co/T6p,1
https://lrl.kr/fLoI,1
https://lrl.kr/slnu,1
https://lrl.kr/jXpI,1
http://go9.co/T71,1
https://lrl.kr/fLfY,1
http://buly.kr/3u00UB4,1
http://buly.kr/15LsmNb,1
https://lrl.kr/Nkz3,1
http://buly.kr/87yC22C,1
http://xgo.kr/5mt,1
https://cu.cssm.kr/cs1,1
https://lrl.kr/Nkz3,1
ibn.i9vs.yachts,1
buly.kr/H6eqsIC,1
go9.co/T9i,1
swyg.link/VmzWO,1
http://bi.hg8m.yachts,1
http://itn.o4wd.yachts,1
http://yit.h8ut.yachts,1
http://lcc.q6eb.yachts,1
http://ibr.j0py.yachts,1
http://kia.f6hm.yachts,1
http://ibz.i9vs.yachts,1
http://xc.es5c.yachts,1
http://ilx.n3tv.yachts,1
http://pu.a1ed.yachts,1
http://ld.df4k.yachts,1
http://kd.d4sw.yachts,1
http://nic.b2fv.yachts,1
http://irx.p5cm.yachts,1
http://ko.e5nz.yachts,1
http://ira.q6eb.yachts,1
http://irv.q6eb.yachts,1
http://an.in9x.yachts,1
http://itx.n3tv.yachts,1
http://lcb.q6eb.yachts,1
http://ibc.i9vs.yachts,1
http://isz.o4wd.yachts,1
http://ila.n3tv.yachts,1
http://aw.in9x.yachts,1
http://irm.q6eb.yachts,1
http://ilr.n3tv.yachts,1
http://ibn.i9vs.yachts,1
http://lca.q6eb.yachts,1
http://px.jv0t.yachts,1
http://aa.in9x.yachts,1
http://by.hg8m.yachts,1
http://buly.kr/DPQvuqm,1
http://buly.kr/9XIGKIJ,1
http://buly.kr/GOzobCF,1
http://buly.kr/BeHLzWq,1
http://buly.kr/2fahk3a,1
http://buly.kr/4xUYgI7,1
http://buly.kr/GE53SOR,1
https://buly.kr/AExHuwI,1
http://buly.kr/EdqEcWa,1
http://buly.kr/5f9aalV,1
http://buly.kr/GkpKRek,1
http://buly.kr/6tYr1g3,1
http://buly.kr/3j5Fd4N,1
http://buly.kr/2qVSiUd,1
http://buly.kr/58PJRRA,1
http://buly.kr/AExI6Xx,1
http://buly.kr/8eiSeHv,1
https://lrl.kr/Nkz3,1
https://cr.cssm.kr/cs1,1
http://gat.tyo.buzz/slfa,1
https://bit.ly/41MeGXY,1
https://bit.ly/4aEmlMh,1
https://bit.ly/47wHrcI,1
https://bit.ly/3tGEsQV,1
https://bit.ly/48nxU8R,1
google.com,0
youtube.com,0
facebook.com,0
baidu.com,0
wikipedia.org,0
yahoo.com,0
google.co.in,0
reddit.com,0
qq.com,0
amazon.com,0
taobao.com,0
twitter.com,0
tmall.com,0
google.co.jp,0
live.com,0
vk.com,0
instagram.com,0
sohu.com,0
sina.com.cn,0
jd.com,0
weibo.com,0
360.cn,0
google.de,0
google.co.uk,0
linkedin.com,0
google.com.br,0
list.tmall.com,0
google.fr,0
google.ru,0
yandex.ru,0
netflix.com,0
google.com.hk,0
yahoo.co.jp,0
google.it,0
t.co,0
ebay.com,0
google.es,0
pornhub.com,0
imgur.com,0
bing.com,0
msn.com,0
onclkds.com,0
twitch.tv,0
google.com.mx,0
google.ca,0
tumblr.com,0
gmw.cn,0
alipay.com,0
livejasmin.com,0
xvideos.com,0
mail.ru,0
microsoft.com,0
ok.ru,0
aliexpress.com,0
wordpress.com,0
hao123.com,0
stackoverflow.com,0
imdb.com,0
github.com,0
amazon.co.jp,0
blogspot.com,0
pinterest.com,0
csdn.net,0
wikia.com,0
apple.com,0
google.com.tr,0
popads.net,0
youth.cn,0
office.com,0
bongacams.com,0
paypal.com,0
microsoftonline.com,0
google.com.tw,0
google.com.au,0
whatsapp.com,0
google.pl,0
xhamster.com,0
detail.tmall.com,0
diply.com,0
google.co.id,0
adobe.com,0
coccoc.com,0
craigslist.org,0
nicovideo.jp,0
txxx.com,0
dropbox.com,0
amazon.de,0
google.com.ar,0
amazon.in,0
googleusercontent.com,0
google.com.pk,0
booking.com,0
thepiratebay.org,0
google.co.th,0
porn555.com,0
pixnet.net,0
tianya.cn,0
google.com.eg,0
china.com,0
bbc.co.uk,0
soso.com,0
google.com.sa,0
savefrom.net,0
amazon.co.uk,0
bbc.com,0
fc2.com,0
mozilla.org,0
rakuten.co.jp,0
uptodown.com,0
cnn.com,0
so.com,0
soundcloud.com,0
google.com.ua,0
quora.com,0
amazonaws.com,0
ask.com,0
clicksgear.com,0
xnxx.com,0
google.nl,0
nytimes.com,0
naver.com,0
ettoday.net,0
adf.ly,0
dailymotion.com,0
onlinesbi.com,0
google.co.za,0
steamcommunity.com,0
google.co.ve,0
salesforce.com,0
espn.com,0
fbcdn.net,0
stackexchange.com,0
blogger.com,0
chase.com,0
google.co.kr,0
ebay.de,0
vimeo.com,0
vice.com,0
theguardian.com,0
blastingnews.com,0
tribunnews.com,0
steampowered.com,0
chaturbate.com,0
ebay.co.uk,0
detik.com,0
google.gr,0
google.com.vn,0
buzzfeed.com,0
indeed.com,0
dailymail.co.uk,0
mediafire.com,0
avito.ru,0
cnet.com,0
google.com.sg,0
globo.com,0
xinhuanet.com,0
openload.co,0
spotify.com,0
flipkart.com,0
ladbible.com,0
google.com.ph,0
google.com.co,0
popcash.net,0
google.be,0
google.se,0
deviantart.com,0
zhihu.com,0
google.cn,0
roblox.com,0
github.io,0
walmart.com,0
google.az,0
douyu.com,0
uol.com.br,0
force.com,0
slideshare.net,0
upornia.com,0
wikihow.com,0
yelp.com,0
twimg.com,0
daikynguyenvn.com,0
w3schools.com,0
washingtonpost.com,0
china.com.cn,0
pinimg.com,0
godaddy.com,0
etsy.com,0
rambler.ru,0
alibaba.com,0
sogou.com,0
nih.gov,0
google.at,0
hclips.com,0
softonic.com,0
babytree.com,0
redtube.com,0
google.com.ng,0
iwanttodeliver.com,0
9gag.com,0
slack.com,0
google.com.pe,0
bankofamerica.com,0
mercadolivre.com.br,0
4chan.org,0
google.ro,0
cpm10.com,0
thestartmagazine.com,0
google.cz,0
redd.it,0
google.ch,0
tripadvisor.com,0
bet365.com,0
gfycat.com,0
amazon.fr,0
performanceadexchange.com,0
metropcs.mobi,0
bp.blogspot.com,0
discordapp.com,0
google.cl,0
wellsfargo.com,0
trello.com,0
amazon.it,0
indiatimes.com,0
battle.net,0
google.pt,0
zillow.com,0
1688.com,0
google.co.ao,0
messenger.com,0
thewhizmarketing.com,0
google.no,0
kinogo.club,0
kissanime.ru,0
mama.cn,0
gamepedia.com,0
youporn.com,0
forbes.com,0
people.com.cn,0
myway.com,0
yts.ag,0
tokopedia.com,0
google.ae,0
abs-cbn.com,0
youm7.com,0
pipeschannels.com,0
weather.com,0
outbrain.com,0
ameblo.jp,0
ikea.com,0
spotscenered.info,0
kakaku.com,0
trackmedia101.com,0
mega.nz,0
39.net,0
bilibili.com,0
google.dz,0
huffingtonpost.com,0
hotmovs.com,0
speedtest.net,0
livejournal.com,0
reimageplus.com,0
google.ie,0
adexchangeprediction.com,0
hotstar.com,0
rarbg.to,0
wetransfer.com,0
ign.com,0
doubleclick.net,0
google.hu,0
irctc.co.in,0
gomovies.to,0
foxnews.com,0
aol.com,0
sharepoint.com,0
google.co.il,0
archive.org,0
airbnb.com,0
allegro.pl,0
torrentz2.eu,0
bestbuy.com,0
amazon.cn,0
ltn.com.tw,0
huanqiu.com,0
leboncoin.fr,0
google.dk,0
cnblogs.com,0
files.wordpress.com,0
bitauto.com,0
dingit.tv,0
codeonclick.com,0
feedly.com,0
sumatoad.com,0
amazon.es,0
freepik.com,0
shutterstock.com,0
wikimedia.org,0
google.fi,0
huaban.com,0
skype.com,0
caijing.com.cn,0
ebay-kleinanzeigen.de,0
businessinsider.com,0
k618.cn,0
breitbart.com,0
liputan6.com,0
kinopoisk.ru,0
onlinevideoconverter.com,0
wordreference.com,0
kompas.com,0
hdzog.com,0
chinadaily.com.cn,0
giphy.com,0
sberbank.ru,0
blogspot.com.br,0
zippyshare.com,0
rutracker.org,0
spankbang.com,0
flickr.com,0
blogspot.in,0
fmovies.is,0
genius.com,0
subject.tmall.com,0
2ch.net,0
tfetimes.com,0
espncricinfo.com,0
mediawhirl.net,0
gamefaqs.com,0
sourceforge.net,0
scribd.com,0
telegram.org,0
videodownloadconverter.com,0
researchgate.net,0
gismeteo.ru,0
mailchimp.com,0
accuweather.com,0
xfinity.com,0
aliyun.com,0
homedepot.com,0
sabah.com.tr,0
mmofreegames.online,0
web.de,0
eastday.com,0
gmx.net,0
leagueoflegends.com,0
youtube-mp3.org,0
rumble.com,0
asos.com,0
varzesh3.com,0
daum.net,0
google.sk,0
1337x.to,0
office365.com,0
naver.jp,0
medium.com,0
ouo.io,0
hola.com,0
thesaurus.com,0
shopify.com,0
orange.fr,0
media.tumblr.com,0
digikala.com,0
rt.com,0
ndtv.com,0
livedoor.com,0
oracle.com,0
telegraph.co.uk,0
wordpress.org,0
olx.ua,0
zendesk.com,0
amazon.ca,0
samsung.com,0
icloud.com,0
redirectvoluum.com,0
cricbuzz.com,0
gearbest.com,0
userapi.com,0
goodreads.com,0
goo.ne.jp,0
capitalone.com,0
bukalapak.com,0
streamable.com,0
weebly.com,0
taboola.com,0
hp.com,0
hulu.com,0
americanexpress.com,0
google.kz,0
iqoption.com,0
target.com,0
beeg.com,0
usps.com,0
ci123.com,0
askcom.me,0
kaskus.co.id,0
weevah2.top,0
subscene.com,0
atlassian.net,0
repubblica.it,0
providr.com,0
onet.pl,0
aparat.com,0
ups.com,0
newstarads.com,0
youdao.com,0
evernote.com,0
independent.co.uk,0
rednet.cn,0
canva.com,0
hatena.ne.jp,0
rottentomatoes.com,0
nownews.com,0
hdfcbank.com,0
wittyfeed.com,0
spiegel.de,0
elpais.com,0
taleo.net,0
bet9ja.com,0
ibm.com,0
yesky.com,0
boredpanda.com,0
udemy.com,0
livedoor.jp,0
shink.in,0
iqiyi.com,0
asdfz.pro,0
duckduckgo.com,0
hatenablog.com,0
sciencedirect.com,0
fiverr.com,0
wp.pl,0
mlb.com,0
mercadolibre.com.ar,0
go.com,0
gyazo.com,0
naij.com,0
reverso.net,0
ensonhaber.com,0
setn.com,0
patreon.com,0
google.com.kw,0
doublepimpssl.com,0
cloudfront.net,0
line.me,0
jrj.com.cn,0
myanimelist.net,0
upwork.com,0
incometaxindiaefiling.gov.in,0
intuit.com,0
nametests.com,0
mobileofferplace.site,0
themeforest.net,0
piz7ohhujogi.com,0
oeeee.com,0
seasonvar.ru,0
dell.com,0
bloomberg.com,0
cerpen.co.id,0
playstation.com,0
urbandictionary.com,0
behance.net,0
fedex.com,0
groupon.com,0
qiita.com,0
exoclick.com,0
box.com,0
scribol.com,0
doublepimp.com,0
glassdoor.com,0
uidai.gov.in,0
theverge.com,0
marca.com,0
coinmarketcap.com,0
wix.com,0
slickdeals.net,0
baike.com,0
rediff.com,0
google.co.nz,0
haber7.com,0
ytimg.com,0
free.fr,0
4dsply.com,0
yadi.sk,0
patch.com,0
ultimate-guitar.com,0
163.com,0
zoho.com,0
onedio.com,0
thewhizproducts.com,0
pandora.com,0
google.bg,0
perfecttoolmedia.com,0
taringa.net,0
sportbible.com,0
citi.com,0
momoshop.com.tw,0
kickstarter.com,0
ebay.it,0
icicibank.com,0
seznam.cz,0
biobiochile.cl,0
gizmodo.com,0
wowhead.com,0
manoramaonline.com,0
t-online.de,0
lifebuzz.com,0
lazada.co.id,0
cnzz.com,0
conservativetribune.com,0
wattpad.com,0
sahibinden.com,0
ebay.com.au,0
pixabay.com,0
naukri.com,0
yandex.ua,0
launchpage.org,0
umblr.com,0
mi.com,0
webmd.com,0
goal.com,0
gamer.com.tw,0
gsmarena.com,0
tutorialspoint.com,0
siteadvisor.com,0
billdesk.com,0
libero.it,0
reuters.com,0
list-manage.com,0
mercadolibre.com.mx,0
poloniex.com,0
paytm.com,0
olx.pl,0
google.lk,0
bleacherreport.com,0
google.rs,0
shaparak.ir,0
emol.com,0
tube8.com,0
blackboard.com,0
pantip.com,0
vporn.com,0
pikabu.ru,0
expedia.com,0
filehippo.com,0
friv.com,0
usatoday.com,0
nur.kz,0
chatwork.com,0
merdeka.com,0
xda-developers.com,0
pulseonclick.com,0
ptt.cc,0
vtv.vn,0
humblebundle.com,0
instructure.com,0
ck101.com,0
dictionary.com,0
hilltopads.net,0
wiktionary.org,0
tvbs.com.tw,0
nike.com,0
porn.com,0
uploaded.net,0
lemonde.fr,0
liftable.com,0
azlyrics.com,0
google.by,0
att.com,0
givemesport.com,0
hurriyet.com.tr,0
bild.de,0
albawabhnews.com,0
wsj.com,0
asana.com,0
tistory.com,0
souq.com,0
newegg.com,0
mit.edu,0
kapanlagi.com,0
coinbase.com,0
wixsite.com,0
hubspot.com,0
flirt4free.com,0
hm.com,0
104.com.tw,0
drom.ru,0
sabq.org,0
pages.tmall.com,0
google.com.do,0
chip.de,0
asus.com,0
wiley.com,0
elmundo.es,0
kijiji.ca,0
hespress.com,0
inquirer.net,0
tabelog.com,0
jabong.com,0
17ok.com,0
lk21.org,0
blogspot.mx,0
hotels.com,0
engadget.com,0
gogoanime.io,0
banggood.com,0
thefreedictionary.com,0
okta.com,0
4shared.com,0
npr.org,0
apple-panda.com,0
comcast.net,0
okdiario.com,0
ouedkniss.com,0
cambridge.org,0
kooora.com,0
ria.ru,0
dmm.co.jp,0
wunderground.com,0
getpocket.com,0
youjizz.com,0
discogs.com,0
adp.com,0
bandcamp.com,0
weblio.jp,0
as.com,0
wish.com,0
51sole.com,0
animeflv.net,0
squarespace.com,0
ctitv.com.tw,0
gamespot.com,0
lolsided.com,0
likrete.com,0
sex.com,0
olx.com.br,0
xe.com,0
life.tw,0
corriere.it,0
techcrunch.com,0
verizonwireless.com,0
youboy.com,0
milliyet.com.tr,0
jianshu.com,0
terraclicks.com,0
jeuxvideo.com,0
webex.com,0
drtuber.com,0
okcupid.com,0
mbc.net,0
badoo.com,0
convert2mp3.net,0
google.hr,0
drive2.ru,0
meetup.com,0
nikkei.com,0
discuss.com.hk,0
chinaz.com,0
mywatchseries.to,0
lapatilla.com,0
quizlet.com,0
blpmovies.com,0
bitbucket.org,0
douban.com,0
mundo.com,0
linkshrink.net,0
thekitchn.com,0
norton.com,0
reallifecam.com,0
surveymonkey.com,0
springer.com,0
google.com.ly,0
gamingwonderland.com,0
blogfa.com,0
mercadolibre.com.ve,0
lifehacker.com,0
fnkyyrgraizy.com,0
thevideo.me,0
suning.com,0
neobux.com,0
brilio.net,0
coursera.org,0
lowes.com,0
eksisozluk.com,0
lefigaro.fr,0
liveadexchanger.com,0
alicdn.com,0
ebay.in,0
japanpost.jp,0
drudgereport.com,0
kotaku.com,0
lenta.ru,0
blog.jp,0
ask.fm,0
buyma.com,0
goo.gl,0
myfreecams.com,0
ccm.net,0
uptobox.com,0
beytoote.com,0
cnbc.com,0
prezi.com,0
motherless.com,0
superuser.com,0
chaoshi.tmall.com,0
newtabtv.com,0
eskimi.com,0
google.tn,0
namnak.com,0
realtor.com,0
indoxxi.net,0
avg.com,0
investopedia.com,0
ca.gov,0
nypost.com,0
ntd.tv,0
discover.com,0
rapidgator.net,0
mobilemonetize.me,0
mirror.co.uk,0
www.gov.uk,0
infusionsoft.com,0
kinokrad.co,0
appledaily.com.tw,0
academia.edu,0
voc.com.cn,0
cdiscount.com,0
gomovies.is,0
lenovo.com,0
nba.com,0
gmarket.co.kr,0
southwest.com,0
stockstar.com,0
dafont.com,0
crunchyroll.com,0
macys.com,0
moneycontrol.com,0
sakura.ne.jp,0
subito.it,0
g2a.com,0
grid.id,0
kayak.com,0
bodybuilding.com,0
googlevideo.com,0
urdupoint.com,0
fanfiction.net,0
camdolls.com,0
udn.com,0
bitly.com,0
secureserver.net,0
divar.ir,0
thesun.co.uk,0
autodesk.com,0
winningdealz.com,0
vnexpress.net,0
banvenez.com,0
fwbntw.com,0
trulia.com,0
eventbrite.com,0
fatosdesconhecidos.com.br,0
rbc.ru,0
fbsbx.com,0
addthis.com,0
unity3d.com,0
caliente.mx,0
xtube.com,0
howtogeek.com,0
android.com,0
gotporn.com,0
snapdeal.com,0
streamcloud.eu,0
wp.com,0
ecosia.org,0
westernjournalism.com,0
investing.com,0
cisco.com,0
interia.pl,0
thebalance.com,0
elbalad.news,0
elmogaz.com,0
commentcamarche.net,0
tomshardware.com,0
el-nacional.com,0
google.com.ec,0
fidelity.com,0
4pda.ru,0
oschina.net,0
express.co.uk,0
viva.co.id,0
duolingo.com,0
php.net,0
prothom-alo.com,0
hamariweb.com,0
europa.eu,0
jimdo.com,0
indianexpress.com,0
cpmofferconvert.com,0
trackingclick.net,0
telewebion.com,0
latimes.com,0
how01.com,0
techradar.com,0
timeanddate.com,0
zone-telechargement.ws,0
voyeurhit.com,0
fanpage.gr,0
pchome.com.tw,0
okezone.com,0
intel.com,0
bhphotovideo.com,0
gazetaexpress.com,0
uber.com,0
disqus.com,0
google.lt,0
kizlarsoruyor.com,0
grammarly.com,0
kissasian.com,0
hootsuite.com,0
khanacademy.org,0
qoolquiz.com,0
zara.com,0
pirateproxy.cc,0
nordstrom.com,0
google.iq,0
ieee.org,0
pof.com,0
ebay.fr,0
mobile01.com,0
zing.vn,0
sockshare.net,0
lifewire.com,0
instructables.com,0
wykop.pl,0
disq.us,0
my-hit.org,0
chinaso.com,0
directrev.com,0
internetspeedtracker.com,0
kinoprofi.org,0
deviantart.net,0
intoday.in,0
blogspot.jp,0
jw.org,0
vidzi.tv,0
gazeta.pl,0
protect-your-privacy.net,0
thehill.com,0
google.com.mm,0
fromdoctopdf.com,0
delta.com,0
hts68934.com,0
prnt.sc,0
olx.in,0
faithtap.com,0
mobile.de,0
yenisafak.com,0
gongchang.com,0
time.com,0
yaplakal.com,0
y8.com,0
solarmoviez.to,0
58.com,0
allrecipes.com,0
sinoptik.ua,0
eyny.com,0
donga.com,0
sapo.pt,0
merriam-webster.com,0
python.org,0
sarkariresult.com,0
popmyads.com,0
cam4.com,0
52pk.com,0
usnews.com,0
stanford.edu,0
sporx.com,0
sh.st,0
askubuntu.com,0
cbsnews.com,0
mangafox.me,0
eltrack.pro,0
myntra.com,0
cqnews.net,0
tebyan.net,0
dailypakistan.com.pk,0
ukr.net,0
issuu.com,0
caixa.gov.br,0
adnetworkperformance.com,0
state.gov,0
justdial.com,0
sputniknews.com,0
myfitnesspal.com,0
ticketmaster.com,0
bittrex.com,0
zoom.us,0
wtoip.com,0
xbox.com,0
google.com.gt,0
comicbook.com,0
asahi.com,0
codepen.io,0
makemytrip.com,0
tnctrx.com,0
metropoles.com,0
sugklonistiko.gr,0
idnes.cz,0
primewire.ag,0
nature.com,0
dianping.com,0
nikkeibp.co.jp,0
dict.cc,0
redfin.com,0
costco.com,0
nbcnews.com,0
agoda.com,0
lazada.com.my,0
bankmellat.ir,0
huawei.com,0
allocine.fr,0
usaa.com,0
admarketplace.net,0
strava.com,0
world.tmall.com,0
prpops.com,0
qingdaonews.com,0
plarium.com,0
nocookie.net,0
tellonym.de,0
idntimes.com,0
google.si,0
op.gg,0
airtel.in,0
food.tmall.com,0
mashable.com,0
ruten.com.tw,0
zomato.com,0
brazzers.com,0
clipconverter.cc,0
andhrajyothy.com,0
labanquepostale.fr,0
chron.com,0
zapmeta.ws,0
politico.com,0
cbc.ca,0
gutefrage.net,0
href.li,0
torrentproject.se,0
visualstudio.com,0
uzone.id,0
focus.de,0
google.tm,0
united.com,0
segmentfault.com,0
welt.de,0
zhanqi.tv,0
ampxchange.com,0
yandex.com.tr,0
likemag.com,0
primevideo.com,0
torrent9.cc,0
turbobit.net,0
chouftv.ma,0
freejobalert.com,0
gazzetta.it,0
perfectgirls.net,0
lazada.com.ph,0
tnaflix.com,0
worldstarhiphop.com,0
x48fly.com,0
java.com,0
ero-advertising.com,0
liveinternet.ru,0
awesomeforyou.club,0
dostor.org,0
vetogate.com,0
digitalprivacyalert.org,0
secure-surf.net,0
11st.co.kr,0
dribbble.com,0
webtretho.com,0
tomsguide.com,0
imagetwist.com,0
lun.com,0
bookmyshow.com,0
ancestry.com,0
ea.com,0
artstation.com,0
livestrong.com,0
piriform.com,0
nulltheme.net,0
wayfair.com,0
theatlantic.com,0
apache.org,0
liveleak.com,0
skysports.com,0
polygon.com,0
cimaclub.com,0
td.com,0
pcgamer.com,0
internetdownloadmanager.com,0
lazada.co.th,0
dmv.org,0
elvenar.com,0
bhaskar.com,0
avira.com,0
vjav.com,0
photobucket.com,0
ryanair.com,0
datumglobal.com,0
pastebin.com,0
namasha.com,0
friendsheart.com,0
aa.com,0
google.com.af,0
ablogica.com,0
n11.com,0
yjc.ir,0
vesti.ru,0
guancha.cn,0
custhelp.com,0
avast.com,0
hepsiburada.com,0
almasryalyoum.com,0
elfagr.org,0
eol.cn,0
elwatannews.com,0
yandex.kz,0
itmedia.co.jp,0
alwafd.org,0
usbank.com,0
cdninstagram.com,0
dream.co.id,0
creditkarma.com,0
gmanetwork.com,0
teepr.com,0
junbi-tracker.com,0
yespornplease.com,0
ipetgroup.com,0
mileroticos.com,0
mynavi.jp,0
kknews.cc,0
rightmove.co.uk,0
tmz.com,0
adme.ru,0
familydoctor.com.cn,0
abcnews.go.com,0
icy-veins.com,0
mixplugin.com,0
google.com.my,0
joq.al,0
dcard.tw,0
1tv.ru,0
alodokter.com,0
wuxiaworld.com,0
dawn.com,0
jiameng.com,0
nextdoor.com,0
harvard.edu,0
dumedia.ru,0
deezer.com,0
debate.com.mx,0
repelis.tv,0
sanjesh.org,0
biblegateway.com,0
nasa.gov,0
cbssports.com,0
filmfanatic.com,0
keepvid.com,0
nextlnk13.com,0
thewhizmarket.co,0
knowyourmeme.com,0
pexels.com,0
chess.com,0
elevenia.co.id,0
news.com.au,0
hh.ru,0
farsnews.com,0
nmisr.com,0
smallpdf.com,0
pcmag.com,0
seesaa.net,0